SigmaMuscle,SigmaEpineurium,SigmaPerineurium,SigmaAlongFascicles,SigmaTransverseFascicles,ThermalConductivity_Fascicles,HeatTransferRate_Fascicles,ThermalConductivity_Saline,HeatTransferRate_Saline,ThermalConductivity_Connective_Tissue,HeatTransferRate_Connective_Tissue,EM_Shunting_Total_Current,EM_Shunting_Current_Nerve,EM_Shunting_Current_Outside,EM_Shunting_Shunted_Current,Dosimetry_Saline_PeakE,Dosimetry_Saline_Iso99E,Dosimetry_Saline_Iso98E,Dosimetry_Saline_icnirp_peaks,Dosimetry_Nerve_PeakE,Dosimetry_Nerve_Iso99E,Dosimetry_Nerve_Iso98E,Dosimetry_Nerve_icnirp_peaks,Dosimetry_Fascicles_PeakE,Dosimetry_Fascicles_Iso99E,Dosimetry_Fascicles_Iso98E,Dosimetry_Fascicles_icnirp_peaks,Thermal_Peak_Overall,Thermal_Peak_Nerve,Thermal_Peak_Saline,EM_Neuro_Minimal_Threshold,EM_Neuro_Maximal_Threshold,EM_Neuro_Quantile_1percent,EM_Neuro_Quantile_10percent,EM_Neuro_Quantile_50percent,EM_Neuro_Quantile_90percent,EM_Neuro_Quantile_99percent
0.2946968796370136,0.0789165015705576,0.0036392400986246,0.6637179079809714,0.218713585611974,0.3522016640579801,38958.50170794961,0.5946273471419746,1393.3276104648198,0.2297807660337481,2073.0591460936894,0.3528122033458203,0.2554781385697424,0.0973364876699633,27.588751912117004,524.498892367452,52.50846324367946,43.17367107312277,334.3720158491603,58341.56748238506,1492.6105747805236,1297.922366192837,6399.781870257335,1689.070079700252,1100.9959644824612,948.8106503206684,1399.3451757210846,0.86519575,0.86519575,0.77893776,0.02888319,1.06646425,0.0365235934,0.064629236,0.14853202,0.7005568400000001,0.8681048218
0.4131600464858476,0.0286687458074434,0.0014775941503329,0.5350353601804229,0.1486139271258526,0.2906699231042701,15217.764966250948,0.4341772338096263,4347.71224857182,0.1700574296788931,4406.924141983479,0.1752364478306844,0.1252965594176203,0.0499349043820984,28.49572896957397,534.2599394340856,36.84594572930401,30.90312621072837,256.2558070352347,155356.9385501796,3801.838817128464,3110.595488813521,17497.86479829619,2834.9137863540104,1734.3745950745354,1437.9542971367975,2354.2873124168705,1.3032829,1.3032829,1.1086826,0.01741968,0.88413861,0.0224587526,0.04047999,0.10489405,0.511181566,0.7136498149999999
0.1871101909144212,0.133665060432138,0.0030956388868413,0.3354497630014916,0.0564549121867031,0.5396148427366009,19533.249161552747,1.3555300018494654,3349.473270589865,0.6985115446093473,3829.195500695832,0.388385378755629,0.2870730822905898,0.1013091095956042,26.08468532562256,715.9265251588106,79.63593410861832,64.50511905235592,517.4953045535271,55475.27849706547,1357.5711368783284,1172.4478505835034,3961.8792212109274,2302.746753881944,1229.497981387855,1101.4253355055057,1586.5179087352246,0.4482745,0.4482745,0.4074731,0.0277693,0.84941685,0.0341080878,0.059246328,0.12904102,0.602952854,0.7367012538
0.5621019295298983,0.1045934289683615,0.0014052612491468,1.0066302698091578,0.1514394058829618,1.427370811009139,26759.920236891605,0.189196828753826,7885.247403609006,0.6209695328668622,7359.4616840983135,0.4554248880594969,0.3277626528870314,0.1276644761674106,28.031951189041138,301.71020655337657,27.51988202380133,22.48578793819101,186.5162061660451,142186.0351921474,1107.1218376980696,948.9616209329918,8125.051851787928,1162.5208299020426,740.96166848224,632.3390624722296,915.5173163997576,0.37292182,0.37292182,0.35603747,0.0422047,1.8727966,0.0532249132,0.097609024,0.24127316,1.154712714,1.5188682672
1.2135904563150277,0.1291141919938904,0.0013522321848208,0.3033117392792845,0.1701200860283257,0.4944825414894676,34152.0783355438,1.46882806336779,2112.9754773447094,0.3029289503788851,1481.8462565749037,0.3919513546861708,0.2690997498575598,0.122846569865942,31.34230077266693,257.22899958177084,15.164796286479955,12.01738938784142,143.73715991732894,122958.98056214197,1230.9575728649336,1094.18451332642,5902.812190118529,1369.407636204496,1143.9656732683943,1012.9656137244436,1312.2905656321595,0.57360435,0.57360435,0.50626796,0.02665706,0.82456284,0.033908624,0.057947992000000004,0.12734803,0.588152652,0.7086587912
1.301472561722825,0.0435445906751069,0.0043886518813846,0.2795662101329054,0.0351904180422978,1.222836406097527,11760.293465901794,0.1665680247424449,6780.815666173331,0.4578967220884307,2223.17258765318,0.1843843347160145,0.1263294252566993,0.0580556516069918,31.486216187477112,262.3788608844489,13.717325718509567,11.090619361122886,117.6593138195354,41363.69128409676,2898.6800181853755,2622.615344028117,7258.393108266371,6025.720091049113,2500.1049095224025,2265.5107434512333,3735.5073793529136,1.1507866,1.1507866,1.0900402,0.01396294,0.4783598,0.0172416204,0.030274196,0.06868681,0.325089524,0.398296232
0.4716655727284379,0.163692335408577,0.0019089115454665,0.2427045165406881,0.1692077078754011,0.8079872413639066,30316.637972738397,0.6697509675266322,5820.848715764113,0.1515883628367626,2265.7188367182425,0.4445449740160256,0.3138066094834357,0.1307380589423701,29.409411549568176,430.7517161085435,36.89420376860242,29.227877494345663,306.3780494267257,74870.40724535144,1165.9462948103069,999.382541249762,4196.191848131216,1304.5665839954888,1076.7390527773437,975.1598987310372,1209.301966618894,0.40570828,0.40570828,0.31487694,0.02901812,0.84487057,0.0369113106,0.061618668,0.13312625,0.617965804,0.7490429108
0.2546271168861403,0.2320819712461076,0.0042241994274965,0.2660433333089166,0.1375352748646129,0.5822843879111799,7900.367600302048,0.5034497448526132,4932.388810910336,0.4674784524789838,1308.0810320179603,0.5798798520117998,0.4302995221223682,0.1495749165769666,25.79412162303925,530.6561730776842,58.437113054301726,46.63163655371716,385.1332709614084,32391.9355134632,936.807941558614,828.7147196620348,2391.945733039692,1199.791976311222,868.8148862670008,791.4089539179492,1014.6726819143448,0.34216484,0.34216484,0.30984724,0.0380664,1.07166414,0.0477161444,0.07914515800000001,0.1692654,0.776047522,0.940490061
0.5297179149285305,0.0420131672117884,0.0055343785984264,0.2478623523366816,0.0919589389588459,0.1927056142773406,14002.251921633146,0.5130528080301812,5334.079689047282,0.2142802048166515,5865.247590278737,0.1771728275343775,0.1221752463607117,0.0549959040654357,31.040823459625244,581.9514931484539,33.661437894181574,27.18811965032948,279.47851557950804,43890.86437908533,2978.135987928523,2685.2047583975677,7412.876160354504,4212.42462898494,2441.239065684842,2183.526880548584,3276.3350178506776,1.1514064,1.1514064,0.9210625,0.0128311,0.39533606,0.0160892924,0.027370472,0.0600112,0.279816024,0.3391469149999999
0.3242844201664803,0.0795761496978799,0.0008493352249563,0.2899962439006532,0.1784760805599177,0.2122290000645052,26199.361559001358,0.9014673715302716,3940.30138322823,0.1798066856715618,1063.1444810768296,0.2620040613692254,0.18494033429306,0.0770629339967854,29.412877559661865,624.9858578546448,52.140184784594766,41.71216889132929,412.5564628508138,242320.0421934382,1886.8080210636329,1617.2640365654552,10567.851711494868,1876.6452531411865,1588.5729204916402,1392.3497373825287,1864.048956586756,0.8015882,0.8015882,0.6265913,0.01937113,0.6493869,0.0246739738,0.042663356000000006,0.09601341,0.447742602,0.5422365584
0.2028263466411631,0.1078827587148966,0.0012984204618595,0.1990792902590938,0.1051577472877003,1.1387522244855135,13485.241191659748,0.4013945274325943,1042.322680620426,1.097207707112794,1431.680210357521,0.2984229358844459,0.2155071560991928,0.0829086202429607,27.78225541114807,792.8673637492634,79.3749646137285,63.499979218871104,584.4684053820783,114973.26836221517,1662.5723920436794,1534.682216005111,6599.438552831583,1955.7351759660005,1575.0303509669466,1414.0465963959184,1777.026961602866,1.4355438,1.4355438,1.4122466,0.0202216,0.60454499,0.0258032864,0.043355988,0.09400095,0.435468172,0.5284258832
0.8742296556696694,0.1112966102623479,0.0037987565629453,0.4103590560346208,0.0409174420326848,0.4382303353795358,6893.394202672873,1.0326653274123463,5672.186916583829,0.2831642109544131,2150.3189172544685,0.3792681382037699,0.2626671339385211,0.116604242066387,30.74454069137573,310.2439884585512,20.360888664823914,16.219701524913525,175.76648671186874,50101.48295060679,1393.2562286750822,1281.7957556271838,3951.702264894578,3032.583285579527,1291.968619092863,1173.9036707846592,1814.6558610535624,0.42615053,0.42615053,0.34980673,0.02770583,0.88824111,0.0332323826,0.05897900400000001,0.13214942,0.620151418,0.7550646275999997
0.3364012520281264,0.0300510177254793,0.0020758611148072,0.4920214348822149,0.057941939375872,0.1705519795051847,20567.171030949965,0.9897346379138278,4728.387281020771,0.6564917014077609,5932.61067866969,0.1750251103658229,0.1251789071829989,0.0498467052238993,28.479745984077454,640.3888741357634,45.58988426683007,38.46654307079494,318.6366177008712,107200.77161295146,3696.580052679675,3100.3577510652067,13963.89060422424,4692.357898010945,2025.1788380117916,1842.4953407515752,2988.7867565986794,0.8581973,0.8581973,0.76922685,0.01690604,0.80766842,0.0211082218,0.037780376,0.09925066,0.4797405,0.655835897
0.7393406356804888,0.2248440545330948,0.0007900954001259,0.5711435341337645,0.0498035563127159,0.6310674491835713,9647.718862654834,0.3843640920755573,964.681434266347,0.3376708964792063,5445.116501160745,0.6496759597212076,0.4600843822117895,0.1896211906569078,29.187041521072388,265.1482987851144,22.710157555040176,18.28610388295853,186.66499386131497,129188.14915832612,718.5103185056021,574.808261637794,5128.31041441661,1125.8055454358057,633.6569856131516,561.024373730928,731.2473001275473,0.6336112,0.6336112,0.6051226,0.05153215,1.68315056,0.0628703636,0.112839246,0.25705224,1.17506168,1.4084919837999996
0.3016152566401327,0.0848369998957244,0.0035078935431718,1.5149510975135554,0.1603416182481193,0.465367718702776,19802.71253897807,0.4703877386176253,5230.635993633301,1.0022947400555309,3466.377578530704,0.4778702859766781,0.3607536782510578,0.1171140902442857,24.5075061917305,375.8595660122076,43.48134183144113,36.79196876616784,243.35574711675105,57227.461872752174,1273.136329893884,1082.165935549658,6430.089137842338,1513.538848722272,690.2682247811615,629.6593444910184,983.5536790496274,0.35186505,0.35186505,0.3336956,0.05044805,2.64534846,0.06259500039999999,0.11508610600000001,0.30931352,1.5176108560000001,2.1226489921999994
0.1826037242826111,0.1398436555359838,0.0031928530062505,1.2843204561066464,0.0814837498852362,0.2501618704987453,22572.57081660125,0.5626823226507393,1976.6635216168456,0.5128637475357535,5648.544881534817,0.5748100229538977,0.448187201982364,0.1266112667508423,22.02662825584412,458.9304523092924,65.3429235898535,54.62264070644465,331.13450385669665,54776.78552665105,913.962336240005,792.1007453114732,4737.227519766817,1776.745814040304,758.9216916503062,668.0092457669277,1013.1626352040236,0.45143998,0.45143998,0.42068347,0.05481292,2.32823304,0.06670952379999999,0.12037110799999999,0.30570512,1.4548778980000001,1.8983495225999998
0.3821796065898351,0.0696020378302293,0.0033836574186839,0.8286027974258439,0.052394076867038,0.4564278829632689,5356.171536869732,0.1720857700886798,8128.504925498719,0.784122040527041,947.899904121364,0.3435668768361211,0.2485731965862214,0.0950004032347351,27.651211619377136,436.9117270094835,39.85206072859785,33.04810071888867,254.15645739638936,50819.6666028885,1695.87481527643,1469.758397381783,6616.899967729923,3483.5885257614677,1425.9861729606362,1201.2386466660068,1947.7568954854896,0.561385,0.561385,0.5350908,0.03163888,1.43630611,0.0390851008,0.07080801,0.18138396,0.881303436,1.175111643
0.5455164003136969,0.0337199362929146,0.0007091237308811,0.4476398244985004,0.1226067241127317,0.5086406216191306,35747.70792801115,1.3102344355907862,1144.5926461889192,0.3967138726807559,1159.32345503496,0.1719186839181929,0.1214965886902064,0.0504225754411891,29.329317808151245,423.0301117365805,29.174752230698505,24.46919237997112,204.04885784772543,322249.2114753739,3226.076939534624,2867.623979381996,21514.39835673288,2615.8602389042094,1821.5001011701663,1507.2477389896658,2327.9046087934125,1.6918491,1.6918491,1.5914786,0.01633009,0.79591088,0.0212843004,0.037940742,0.09706682,0.4723102,0.6424307972
0.2373769932747905,0.1145539415380899,0.0024867025731346,0.393888013029363,0.0293931406002427,1.0159495493488653,23176.03610881913,0.6382819511134303,3289.950395525932,0.9280762151669344,4893.374587303333,0.3622272051870823,0.2633538679219782,0.0988677347777411,27.294397354125977,618.8784331566582,65.39880769992041,53.00747280163523,453.81247496969314,78810.66572416452,1402.6373472562016,1314.972535957325,4679.44312898826,3361.9653527718992,1387.4191168187906,1245.3116225645897,1910.490112920166,0.5205108,0.5205108,0.49500185,0.02767193,0.89945581,0.032846814,0.059089556,0.1334765,0.627207704,0.7664257717999997
0.2210101089011732,0.121581753092734,0.0017248584802674,0.4022192335686064,0.139070197775098,0.416799946990348,24111.634221544577,0.2950944503998665,2421.199553933156,0.2339235473551285,2925.728285578688,0.3809463523793965,0.2787277044262737,0.1022116557578556,26.83098316192627,637.9931898990894,69.54772790607002,56.06400284006831,463.8308932111065,100952.02315196986,1347.5244762606594,1122.937106078677,6081.649586856112,1516.354433947051,1148.651195934074,1010.3408036539636,1325.02296358048,0.81876487,0.81876487,0.74272454,0.02800267,0.91013511,0.035555717199999996,0.060847972,0.1362803,0.635110358,0.7636309783999999
0.6212714069930544,0.1455822139112191,0.0029607708031631,0.2324739626293677,0.1254576602413098,0.6412319931210017,13113.982500261412,0.2162983714673268,1927.83738519332,0.6828558064915484,4175.230744022289,0.4090781440027058,0.2848892763722688,0.1241826830664649,30.356714129447937,387.59824869645024,28.886646015155662,22.85063347003773,257.4236310823034,44769.35440100424,1294.7756207936163,1145.3784428547483,3759.7194216237,1613.293494616822,1195.1651676772285,1085.6980949591375,1391.8398848795566,0.81842697,0.81842697,0.79474276,0.02630345,0.75062053,0.0329042166,0.055269564,0.11873387,0.55097188,0.672331826
0.3711119920586595,0.0664515826671956,0.0040222436731068,1.3205202752914238,0.039846694913764,0.5654418075680282,8334.181674708443,0.3326527834663602,7450.467997634825,0.2417131541413823,2705.580210907504,0.3854598326142877,0.2861994435079396,0.0992521672742441,25.749030709266663,387.6028327681293,36.64802250823288,31.04309310604781,224.15761092920056,44606.949956069206,1786.2633084667873,1488.552856687396,6461.744413235008,4414.050121860448,1772.4943449900234,1360.058127039994,2242.24871396576,0.48969737,0.48969737,0.43369114,0.04223848,2.51235226,0.053843256799999996,0.097534702,0.2877511,1.42747341,2.0455306305999996
1.3568067136857875,0.0310707377280101,0.0011439949842998,0.4607587809302828,0.0441911441992692,0.699895671151948,31616.117763237864,0.5774937084512329,2760.0786420107333,0.2699548692585802,6326.018094625751,0.1699962012935429,0.1190238690469414,0.0509704877913463,29.983308911323547,199.08988395691696,11.958780954043348,9.96566861436777,87.51212614361349,157901.12772015762,3688.458038187372,2985.894622779763,17509.448871637425,4702.527463273817,2113.2604983357305,1904.02680419932,2937.5313527170315,1.2608678,1.2608678,1.1475431,0.0164025,0.80660678,0.0203034016,0.037005206,0.09782665,0.473576314,0.6492074301999998
0.2498912244862942,0.0544206387043348,0.0060097040039236,1.0147699182595693,0.1071277666644905,1.0710731420590105,24439.83104529153,1.0852721700296384,998.1941014091764,0.5559141174371554,1640.46104966308,0.3305113641545176,0.2460849937051534,0.0844260066514834,25.54405629634857,562.2300275216035,55.03524866384155,46.279728436950464,335.1802333425265,42157.39012168143,2016.4284727241047,1641.279298434784,6460.602332681359,2787.3063260683684,1131.6659576704155,998.346602162715,1710.4321425931228,1.0404153,1.0404153,1.0023623,0.03339438,1.63486531,0.0419779052,0.074385494,0.19967825,0.961939914,1.3291820664
0.943420650978039,0.2018373300195876,0.0056308515153629,0.8664304871171855,0.1809934949062916,1.2936008541028647,5767.988667996575,1.186507697070171,923.188806753728,0.8525542467955686,2808.660723594835,0.7154410122893751,0.5037502851337194,0.211685401154682,29.58810031414032,222.5221052028764,18.06913851980329,14.35631224831891,140.1726932849344,26582.043718016263,709.6433197180468,650.5064045219366,2692.083546309253,1049.1293444388962,612.673005567105,540.3192809413,777.014642075055,0.5970341,0.5970341,0.582033,0.05255219,1.72326465,0.0654343374,0.11341250800000001,0.2532008,1.19647149,1.4376253358
0.6580805637098935,0.0351301832675866,0.0010918682191238,0.2356408073104871,0.0328039630648412,0.1669254165334756,14571.346385469034,0.3089347100459881,3815.4077641224417,0.5821507833799446,3183.735610851969,0.1460821076761931,0.1008147664833813,0.0452661188319325,30.986765027046204,463.0918902002852,26.786322847813068,21.635135511892504,217.73441463394715,137842.88545504163,3526.5710189924284,3219.91276685533,15258.56890832127,5595.040197668031,2800.632471154956,2526.792961207127,3775.526476226072,1.6412228,1.6412228,1.5346473,0.011527,0.42336862,0.0142219238,0.025455378,0.05888118,0.280267374,0.34449636
0.6282107096597757,0.14726371827551,0.0018513768930368,1.3999218983936044,0.0389294137967316,0.2060270021969374,7306.810568952691,1.1540376967656163,6618.172372621017,0.5711167270175497,1581.557862899397,0.6154138827696443,0.4473954613786191,0.168002225109376,27.29906439781189,240.56994307833577,23.816280065136585,19.802323342669936,159.22150007576096,94880.98350984458,844.3247863282002,738.7842041469247,5505.482150055094,2274.6926400687207,1007.0386611414946,794.4978742554925,1173.488066141479,0.21745038,0.21745038,0.189002,0.06195687,2.7400504,0.0743741722,0.137586908,0.35290697,1.715378074,2.2585899963999996
1.0025821350070276,0.0378329176690047,0.001779540110369,0.8009863777028112,0.2246703072776246,0.2737970751553278,9038.842581965824,0.2592504466990078,1699.71698798613,0.1576254776351231,1037.5070500898994,0.2409430162515491,0.1714842801447957,0.0694604750606231,28.828591108322144,240.2553031210273,15.23326423214636,12.828040538559744,107.7894100422782,126287.80995412492,2949.993681697136,2388.0901907065754,13891.164209598588,1919.6683547525984,1187.2477493473991,975.8493821896308,1619.561427642543,1.8458805,1.8458805,1.7089031,0.02505222,1.36536077,0.032713017999999996,0.059049486,0.15660143,0.769942312,1.1026806479999998
0.5153152489868758,0.0364717932834969,0.0023533988241789,1.2524946672847848,0.095753850671637,0.5597772035715679,30620.16310645545,1.048058627340685,6363.84339989591,0.6137842867665246,1012.3924655086532,0.2690584515221417,0.1987758732866495,0.0702835168340243,26.122024655342106,354.6429865206204,26.036479667502068,22.486109245319515,169.6940684550781,98552.72058682404,2959.8724397431934,2411.7483104594726,12529.741738585826,2831.6648431001904,1178.0242220971083,982.737139235792,1687.2696213148656,0.4695378,0.4695378,0.4276774,0.03467245,2.4442181,0.0435368604,0.080857214,0.25316881,1.3021126479999998,1.9598934823999994
1.1020542294030502,0.0650839609489647,0.0012829690702135,1.4416338297437044,0.0431814764437306,0.162120611905039,44197.11237982252,0.381276487091161,1077.5254275710624,0.2937445906250358,965.6828722948544,0.3712920588441193,0.2689004468265921,0.1023915538098663,27.577093243598934,170.5307042503171,13.088714775535642,11.19182333608044,82.7084792406787,126306.03653654196,1685.9548513603638,1545.4587051538458,11373.733830795976,3049.432060891098,1363.5954561572537,1058.3131736098774,1602.4439986611794,0.937424,0.937424,0.8903627,0.04644458,2.91384373,0.0574584594,0.108264334,0.31706467,1.606069344,2.3529581023999997
0.1543911455299227,0.1814194065890353,0.0015003528011256,0.3257412989021205,0.0286497483258125,0.3315807060017088,35069.47156548976,0.7618659943778224,2285.1625355718443,1.1075893396112628,5068.529808104992,0.4677083343267441,0.3559610049705952,0.1117362844524905,23.890163004398342,707.6898428824225,88.16604887490325,70.84772172348595,512.2842742981852,94609.77760118608,1052.3891183722126,947.1502111924444,4068.120989410552,2145.826914381638,1038.3034089152388,940.4403405442854,1303.8238157858057,0.43588042,0.43588042,0.4137943,0.03474542,1.0604231,0.04183369,0.074123622,0.16184201,0.75731276,0.9131979333999999
1.0699276681311776,0.175798811548565,0.0008262896448545,0.6012264447204302,0.0338900840988293,0.7263009765626218,5194.714574175465,0.8436601519448521,5506.30427247475,0.2562150190979737,1098.7763888170564,0.5513473297469318,0.3848668420687318,0.1664785959292203,30.19486665725708,225.06107550897,16.272515340245388,13.018017399965512,140.80660659633713,133686.99469205685,892.2380826485635,743.5317482595284,6020.925755483989,1571.3367421724415,779.5508971387119,706.1402889898893,941.8615429189488,0.3128237,0.3128237,0.26426157,0.04503486,1.5387734,0.0545920454,0.100148556,0.22732663,1.056495392,1.294249732
0.1627488853479778,0.0503345218199946,0.0032818686811298,0.9546849697159552,0.0310869453292572,1.2449222123325332,10734.079541067736,0.2367442365720766,1420.700156463379,0.5332925612564798,2017.027288216369,0.2838161890394985,0.2164501929655671,0.0673693648423068,23.73697012662888,648.1962527622293,77.14962753678371,65.6133320776838,429.3821597272312,56340.92650568788,2318.8153837837594,2005.4620710116935,8336.561185596578,5867.893690818067,2323.660418753529,1801.489770935549,3005.7082629351357,1.4701372,1.4701372,1.4387904,0.03087543,1.77704402,0.0390058062,0.071153042,0.20684234,1.01447138,1.4509290997999997
0.2726391291818185,0.1228964784062108,0.0007449190714426,1.1634138003296763,0.2093489058388395,0.6135636168497625,12800.547640736726,0.1876258199521807,958.3620277703895,0.2758058753809524,1857.195805630261,0.4842884372919798,0.3649231803137809,0.1193750940728932,24.6495857834816,387.55156515258346,49.14468148000371,40.95394162041261,291.3953212567482,294213.6566125646,981.8032953857452,654.5356019513939,10010.977570936197,796.773603648489,612.4255922244636,520.2515865124509,785.1585869443458,1.1351719,1.1351719,1.0992843,0.051271,2.30805371,0.0657286814,0.119611754,0.29727099,1.4196779800000001,1.8615052699999999
0.1751061454038974,0.0723211293094834,0.0034102545620012,0.9509109403527068,0.0592406183811609,0.1808878204317384,29044.26091100587,0.1764672831278086,2199.986538319462,0.9072854711704604,7183.024950866888,0.3578918694984168,0.2718990435823798,0.0859903229866176,24.02690052986145,563.9642262563179,74.0246430238695,62.10549823332338,400.4081201112037,52592.53013232841,1579.53195642256,1404.028522331141,6705.094289601809,3221.974485461443,1308.143768275543,1103.8584670028906,1805.5753698304256,0.7952401,0.7952401,0.77093613,0.03489961,1.64827874,0.043103464,0.077714404,0.20556814,0.992902744,1.348474958
0.4460669223221653,0.0966989455411381,0.0009076933071495,1.568493061922736,0.0668239867585689,0.1898049762456701,8827.862376649804,1.224387944637795,2591.923986186403,0.4215660592443709,2663.135694685366,0.4631620249710977,0.3450697986409068,0.1180923718493431,25.496989488601685,274.8798946212484,30.270666488782823,25.684243461299094,183.1843781918027,176191.73514447286,1175.9187470203003,979.9323904722014,10754.20729926708,1543.7299663831943,740.0977752275805,628.4821931226343,898.6905152114543,0.49491578,0.49491578,0.45240057,0.05734517,3.10363979,0.06951890220000001,0.134213422,0.36473513,1.782549638,2.4831734641999996
0.2776841672783151,0.1160438679053132,0.003910856729348,0.3800941082628217,0.0759872271457215,0.9516587627467988,37696.90266158638,0.5578771811546814,2920.212820419009,0.4407543471614145,3626.530886439231,0.3735802019946277,0.2690481778699904,0.1045234530465677,27.97885239124298,578.8947524587215,57.95395242670929,46.36318060893893,414.241058478272,40662.8855850168,1402.169172038018,1266.475451716663,4112.207691094145,2283.923657352972,1242.3125882722989,1112.7463333378737,1622.152745662201,0.5627118,0.5627118,0.52021164,0.02669751,0.82876096,0.0330787246,0.057533886,0.12503997,0.586468128,0.7137880992
0.8165080759582327,0.1554747624301632,0.0010494784136521,0.4237231416632496,0.1180975656591306,1.204390323121039,36676.23795092959,0.4098693164397186,4249.407197535635,0.9810578483024488,1355.5516221351115,0.4736793925985694,0.330277718603611,0.1434030564269051,30.27428686618805,293.32839449659303,21.53469983067054,16.966738575781086,187.42193498890973,143155.37692973594,955.4308278288528,796.1923663485536,5929.100914681331,1122.78569755874,896.7298570818608,781.8285459002427,1044.6948739629504,0.3843592,0.3843592,0.3691089,0.03467123,1.12366022,0.0435590732,0.075484338,0.16865742,0.7825503659999999,0.948674143
0.937058323603872,0.0393561860607105,0.0024141371049225,0.1928522700892923,0.0461605192558926,0.980242684316663,18965.29846497212,0.926059696582576,3457.1843562853364,0.209174165438916,1912.3468829586288,0.1527870772406458,0.104375161754433,0.048410780436825,31.685128808021545,375.0505710105702,19.60784703029024,15.435984072775216,170.98154000934144,73724.25325384071,3444.293019683307,3116.2652006207286,9901.324515888457,5353.603112494417,2882.2517108461448,2572.5884026878075,3889.400417905399,1.3508899,1.3508899,1.1562078,0.01096852,0.34828671,0.013670858000000001,0.023656418,0.05210148,0.244100058,0.2952301012
0.2163190759620779,0.0488855047753761,0.0009997539240036,1.1032170675302044,0.0363096737065895,0.2622717482296924,9838.993701790356,1.4019296006549191,7034.495462671604,0.8328428016515591,1494.8095976714935,0.275049707852304,0.2088335313601419,0.0662168458802625,24.07450079917908,514.6337286845979,57.81809121136466,49.80378178200969,319.3849905822211,161072.8418604154,2329.1974720986345,1970.859674382344,15216.407926289829,3846.967611744282,1694.5495807374152,1335.1000487203642,2020.19835832763,0.42258394,0.42258394,0.3796307,0.03508427,2.21398416,0.0431859372,0.081654434,0.23986243,1.215524494,1.7811321771999995
0.8009298477857766,0.0992066557084865,0.0009637456243041,0.5805932392849819,0.0627569761962895,0.4869628510787879,15021.10078010977,1.1131055027278831,3157.066524672437,0.1366599858309821,879.0705548244102,0.3699174849316478,0.2590447838883847,0.1108757642214186,29.97310757637024,298.3156435975199,21.237230989279915,17.25526577814353,169.83469025200728,162987.93287816545,1269.0943534932435,1087.795207165136,8933.966240812546,1771.5190030711212,1030.594618892187,908.4209172456608,1242.8557937465991,0.63535964,0.63535964,0.51052016,0.03099778,1.18484819,0.0383069632,0.06979547800000001,0.16278578,0.774040666,0.9691318161999998
0.3506274546915009,0.0414655977923538,0.0053664412567501,0.2559369449626943,0.0466743512631118,1.140119126678097,5002.442190012386,0.2011526168684279,1086.8679748626544,0.2050567535852819,3779.8482827256903,0.1732157106744125,0.1206692977575585,0.0525473587913438,30.336371064186096,734.7259347448949,49.8537134423084,40.04647399644799,384.83694717016544,39069.90400251691,3042.153493894124,2737.9384715052697,7211.079530613923,5618.143445192428,2537.228137525226,2312.2525775333006,3748.051680873184,2.9458117,2.9458117,2.819921,0.01306363,0.42400442,0.0161685718,0.027888826,0.06213713,0.293706142,0.35701951839999996
0.2435477194032652,0.0880148093180113,0.0009258700650031,0.7299199994047242,0.0485589286283228,1.3745725959600106,17022.76737702346,0.2104355073772071,3746.664868633509,0.6325391247469611,1785.800893242014,0.3500916645862162,0.2583414898253977,0.0917554934858344,26.20899081230164,524.2692103379786,59.483502095290326,48.98645975103891,373.507176819332,166032.1446416876,1477.483372970966,1292.7980067883436,10374.390939188754,2194.497574423517,1076.5001484408729,973.9763670188836,1353.3131714194078,0.7172319,0.7172319,0.6946813,0.03335249,1.41493552,0.0408883398,0.07545573,0.18453774,0.887590608,1.1555319756
0.5757429006604193,0.0764627663355124,0.0028360386448261,0.6852921139134279,0.2363106741545435,0.7661716716333121,21633.742334760394,0.4502750289368188,4102.121195518086,0.224200437614952,4625.127439619526,0.3530793183017522,0.2496213710401207,0.1034601082210429,29.30222749710083,366.2031662142997,28.514317828449773,23.21883528440146,201.5693038462087,78532.78150575388,1485.0475753855096,1310.336160577418,7213.069450742199,1563.7599556214047,1059.321437523123,904.510995761926,1332.203330022067,0.60599273,0.60599273,0.5346854,0.02902439,1.12314611,0.0368478686,0.06602148000000001,0.15301723,0.720745014,0.9109125079999999
0.2864630178573308,0.2038564082823337,0.0016264136590151,0.3465710179079362,0.0278015350019206,0.3380459223480854,32911.92816706917,0.1985638845256611,1339.5831302156655,0.5170375570838596,6887.260316068327,0.5373813910409808,0.3943830961361527,0.1429920084774494,26.609036326408383,499.9049446958822,53.38251538759204,42.8172275210198,368.6895860379964,84433.3353745121,939.1917290277552,845.2725573230484,3477.326881781498,1976.1179442604,918.8179388280378,833.090911360549,1163.257124930704,0.6270038,0.6270038,0.60356706,0.0389539,1.17985568,0.0467008674,0.082495604,0.18198545,0.844425328,1.0181169362
1.1566500416579768,0.0626796767166673,0.0044836641701851,0.8784256328285549,0.1129388795042688,0.3663569468132451,12035.813117257336,0.1800345230367813,1505.2157316599528,0.7560990118016313,2941.9022491918868,0.3489424998406321,0.2454062923789024,0.1035332825267687,29.670584201812744,224.72449680793,13.998546957928824,11.748803721096072,104.16154463015488,48893.14727618707,1794.7437355443146,1468.4268518909005,6475.624512636772,2394.8455161610264,1046.9129375186376,959.0042910854384,1545.9693416097473,1.1629567,1.1629567,1.1379145,0.03186903,1.41351673,0.0397410422,0.070642594,0.18022367,0.8671131320000001,1.1498055483999998
0.1595624299756587,0.1699439167783806,0.0021655778698144,1.1792503924990168,0.0306729975994813,0.8390182790453896,40170.187169118464,0.3704459013687681,6007.809966038619,0.3286136116579545,1941.822161136629,0.6017780979163945,0.4753080720547586,0.126449842355214,21.012702584266663,485.06440970108224,71.22207671040698,59.35176207442933,354.14382486226924,88767.56202897376,888.6632003288756,789.9228645663534,4658.25135923704,2680.495142209288,1097.2439486797728,873.6208987462254,1339.023345424163,0.3069395,0.3069395,0.2758495,0.05941229,2.36673704,0.0705450784,0.13241355,0.31609834,1.541190874,2.0014715329999992
0.1930736970142748,0.0930058599348986,0.0022919812848945,0.9219251964936018,0.0337418717342153,0.2411449259279595,15623.14952901593,0.2737858978105527,2526.777004824872,0.4739080403337716,5220.613539254684,0.3978140011895448,0.3010235668625682,0.0967869273154065,24.329693615436558,531.6708813924217,68.60298584304293,57.366344699443694,386.6771696849428,84780.01427619008,1414.5723046709352,1225.9627074503037,6562.55808600984,3642.448426534249,1495.0652301609823,1203.345248766878,1876.5236593526051,0.7332788,0.7332788,0.693474,0.03840483,1.71885098,0.04623472,0.085920578,0.21959427,1.068395244,1.4047138916
0.3442539082724206,0.0472660050186845,0.0010576226071669,1.6109589579972925,0.0800992659698891,0.6603400683517779,6258.930881521137,0.8190574434367722,2938.663873921592,1.0429743056946217,1193.2900806929729,0.3075649437960237,0.2340717910556122,0.0734904897399246,23.89429956674576,360.44186254038607,35.282702080756266,30.47146912697629,198.88385154559805,156713.8232329023,2266.165260385284,1917.5249489349071,15923.599598766485,2174.726301600974,974.879380937383,803.1270999552964,1241.7853015073736,0.7238134,0.7238134,0.6996388,0.04561532,3.50022642,0.0574037034,0.10667312,0.34293669,1.801879322,2.7997313101999985
0.6663371214295575,0.1649681942213669,0.0009810370100086,0.20212455248989,0.1897946991672768,1.0753625424851436,7207.398876083291,0.2451384343702886,2008.5712808948076,0.7310385055747496,4679.318265572287,0.4354550619609654,0.303366599837318,0.1320884330198168,30.333423614501957,362.8983878232997,27.045827808727424,20.99079367384932,246.40261067567823,132800.2363739714,1181.7596220818775,1034.039670620722,5095.326894766397,1226.466914325305,1080.4914318772562,968.6223705619292,1220.5257839143403,0.7370095,0.7370095,0.7178322,0.02849879,0.83884147,0.0364867764,0.06081853,0.13294853,0.609768046,0.7387501893999999
0.170829357187079,0.0595341916648344,0.0041109823678759,0.3638736456542695,0.0725350024171093,0.5171371999463086,6763.81575145936,0.776740255622519,2836.158752573608,0.1387550329061121,5343.489003178383,0.237127169384621,0.1719898864394053,0.0651329610263928,27.467525005340576,881.2684352247592,91.16597670477998,73.52100864850252,593.7226251563416,47508.11863359098,2166.6689308952677,1955.2868809992497,6608.678769733153,3588.326777584323,1808.1349636544428,1620.53627474255,2512.831909223145,1.0814902,1.0814902,0.87712646,0.01837607,0.61428633,0.0229047302,0.03960504,0.08892043,0.42001813000000005,0.5086680238
0.7615072254290274,0.057931524513245,0.0049790264373861,1.1255362296474187,0.0858833048088104,0.2160146068217723,8479.253853187818,1.301476211471168,3664.277856194854,1.018124940031304,6124.632904426504,0.3583888756111264,0.2572841476649046,0.1010996347758919,28.20947766304016,286.24723321904287,19.74140256441773,16.557342461017193,138.46705850213917,45160.62961391469,1908.9033937462295,1607.4976361143936,6547.624278581677,2926.020905221542,1184.729450384397,992.6991777948804,1695.2887580561803,0.45329502,0.45329502,0.42189544,0.03643016,1.91766421,0.0457424962,0.082779424,0.22501629,1.11342411,1.5472141598
1.0345684857969188,0.1512344592085221,0.0012357877424981,1.2184585159060477,0.0553980868047255,0.8707178594494591,18252.01117267931,0.6961524573054805,4651.610861248155,0.8883077554508684,909.3175574129313,0.6002251757308841,0.4268365446478128,0.1733899844111874,28.887489438056942,192.33934520707365,15.404338212271847,12.623014039439411,115.24489892521083,118303.11475091938,789.5648041555089,657.9706832744744,6509.317353418563,1485.7920008217518,702.4044913607268,604.8942317442701,854.860247994965,0.27801782,0.27801782,0.26286158,0.05800939,2.44109427,0.0701980346,0.131434876,0.32009172,1.547234782,2.0063303661999994
0.8630722867175795,0.0388076833928625,0.0021950115963202,0.5010995237148189,0.07058374211296,0.91557451094252,6567.178626571081,0.7239937688304042,6158.121701347454,0.1769603808958446,1767.3243508099454,0.2083012368530035,0.1457778416806832,0.0625251414021477,30.016693472862244,312.5814552077398,19.12362466175429,15.64663614817626,142.78658554714875,94673.52368893311,2843.3660604342385,2422.126805257638,11551.23000899349,3712.547312692113,1726.1905450829197,1577.5235105009426,2489.0768342821248,0.8247237,0.8247237,0.678703,0.01871655,0.81559673,0.0232719814,0.04143128,0.10434124,0.5023498000000001,0.6632541091999999
0.5018812886041011,0.0450536900353761,0.0015850907653486,0.2746938802371622,0.2415459138439497,0.428752872103353,10200.872537502904,0.9532749967321128,3017.3458106495,0.389565464403262,2324.013563435077,0.1854807924246415,0.1285098260268569,0.0569698968320153,30.714714527130127,549.1731890689252,34.81982448807873,28.100243715644865,279.15577420902935,156217.70903554268,2780.293233170692,2432.75661753678,12364.708957973562,2772.373827550374,2183.3600987237483,1927.4012532127012,2619.0074313373075,1.1930658,1.1930658,1.0713966,0.0138002,0.46768697,0.0176626792,0.03031534,0.06817779,0.32185356600000004,0.3866158999999999
0.4167205396671778,0.045612432865773,0.0047503764834866,0.7773201781398148,0.1302879943715154,1.3211272698476302,28473.30986897254,0.3597983255305801,2608.8896350300283,0.3187894730337732,6667.05540088737,0.2763583324849605,0.1988386356970295,0.0775210937717929,28.0509352684021,496.0550241222125,36.41819763434867,30.348563671123586,253.13664425965712,54331.5221780543,2417.4221194008924,1994.373574103368,7884.005259705969,2663.7686227383165,1217.808467071969,1105.21320904877,1830.2254925245377,0.87217814,0.87217814,0.8202959,0.02654023,1.20246846,0.0333275818,0.05981749,0.15048788,0.7258242300000001,0.9761884063999999
1.185668438889211,0.0561853031339513,0.0012115307439576,0.623835444614693,0.1426755477448637,0.3925303177626797,16833.125381296253,0.2499763174388755,1276.7213504331703,0.3083775982981857,1280.7118458550212,0.2717415627557784,0.1900579809444025,0.0816857645986601,30.06009161472321,221.88432497467676,14.068416344226543,11.600293913936165,103.08735424868604,179754.09831276044,1999.4896499195163,1799.5407087914612,12429.042029624818,1860.9877300630708,1233.7583530869822,1030.892085946201,1544.4643640667546,1.6504222,1.6504222,1.5829153,0.02438556,1.09915932,0.031093578599999998,0.056192706,0.13971428,0.669058716,0.8895550296
0.2113366385502749,0.2132829214621789,0.0020627679396305,1.6262811929108187,0.2073582135179625,0.7796566355445564,5975.247747885608,0.3201698889810652,4989.842399583761,0.1460474580546968,2418.642108325524,0.7854586001485586,0.6205568206496537,0.1649191108299419,20.996537804603577,362.7290696081966,53.66305490167549,44.78648528869446,264.5698188129369,91031.59051831876,607.5524728135165,506.2937515979451,4687.52949024446,696.8562339322925,453.4604477682967,392.2239283193933,548.3186638047689,0.31983212,0.31983212,0.27115658,0.07564105,3.13484395,0.09457535759999999,0.17455986,0.41245019,1.981786658,2.5434335245999997
1.2275373603945678,0.0321161357108542,0.0046668366544786,0.2199709518040478,0.1118312941636646,0.2271024989944785,41991.84032229695,0.3252054525444013,1578.883716387896,0.1947696074109687,1387.835228206733,0.1456657919334247,0.0994316505966708,0.0462334101030137,31.73937499523163,311.827692467195,14.915106524930662,11.793362046565733,132.28601068942828,57796.98815615757,3664.548331123309,3278.806479638505,9648.211910681606,4546.508180944543,2877.6011121504725,2579.220757426684,3776.150611185908,2.3544135,2.3544135,2.1039095,0.01066253,0.33046339,0.0135161132,0.022932736,0.05034349,0.231998862,0.28338377479999993
0.3132135780556998,0.0833343639373083,0.0019984938871515,0.2079245072921869,0.0377959151771271,0.2643740232387807,10393.146468457331,0.4268486847115912,1614.625050814762,0.4886035052716819,1620.3119077465904,0.2534525119699538,0.178175323526375,0.0752705236664041,29.698076844215397,680.4018238204869,55.249597495847695,43.89695416065449,455.8237653546016,81957.58703837461,2096.801809953104,1823.305970129743,6057.969521941281,3461.949022397237,1879.2340383492683,1682.8387483579145,2419.255733964804,1.4578491,1.4578491,1.3846387,0.01749339,0.53035663,0.0215292102,0.037266405999999995,0.08124283,0.37810549,0.46335310259999996
0.6906327553331354,0.0539826783377312,0.0062937727318756,0.3587414019916023,0.0869590092187519,0.2008714982530333,27738.149182225152,0.2198886525931587,7208.473426039792,0.344502630628603,894.909808125054,0.234627426834777,0.1622566633159294,0.0723715565982274,30.845308303833008,426.8129525758705,25.637402377488907,20.41499876543897,206.360248900206,35621.50250389914,2258.5396038464773,2020.7987755800689,5883.673575716995,3572.6574344398846,1808.186766574274,1617.4331808590728,2556.261175535744,0.9117119,0.9117119,0.80835116,0.01764623,0.57350689,0.0220385952,0.037947002,0.08431624,0.397220146,0.48123285159999996
0.7891383796950021,0.0347984487686966,0.0058393677367419,0.764699498254937,0.0530440773729248,0.3114658489506578,7976.479503714765,0.4883890609074859,1167.7654993104338,0.1659232672655647,1688.425005238145,0.2314470038982108,0.1650070335017517,0.0664431790937669,28.707727789878845,323.31653313917417,19.420782199852425,16.184022722392196,144.24154543704944,44685.59517242805,3181.1773437183065,2584.706668335652,8404.251873016628,5201.67678574462,2042.48290136124,1660.602321930282,2954.2692857802404,2.010562,2.010562,1.8671321,0.02388486,1.28420458,0.030333622400000003,0.054571716,0.15005574,0.736101802,1.0407990326
0.3960088950908387,0.028255463579325,0.0007751282815996,0.4830733542537842,0.0913055731194357,0.900275479923125,16073.383357315271,0.4679771634938659,2161.058507616837,0.2478045569100164,2598.3857298951207,0.1586876605870202,0.1135039565269835,0.0451851556135807,28.474271297454838,521.6307702928984,38.87604487598478,32.49347038129001,256.1334013984314,270551.482656763,3912.313253769047,3310.4189661776386,23172.10078742896,3107.4568833829235,1873.461438249534,1596.9358483036765,2479.513909671522,1.839543,1.839543,1.7178168,0.01618316,0.86112268,0.0207766348,0.038102212,0.10097447,0.49367228,0.6945135257999999
0.9807826891346364,0.089173954825227,0.0007337120924449,0.7032714507867566,0.0424974646648994,0.2309781268871044,9186.979467752102,0.8902720723167606,1841.732309387156,0.4191423597167361,2457.394325905768,0.356254749931395,0.2503044088371098,0.1059453497873619,29.738649725914,245.2172149507083,16.911618322860242,13.638419804898266,132.13662096493536,200992.95338495492,1341.4436181138472,1117.8696990020428,11033.295873969228,2111.172949510089,1049.7156342461135,946.3879309903282,1296.5906996269855,0.83367044,0.83367044,0.7769146,0.03352676,1.40677933,0.041116645800000004,0.07622841,0.18465261,0.890783448,1.1524178427999998
0.1988804338996444,0.2348583973929583,0.0011588210178718,0.3079502334830995,0.0985876991457527,0.1776931091318484,42169.08429764964,0.8129358293135749,7679.267469160509,0.8126642525292825,7690.695485755195,0.5761701031588018,0.4363761108834296,0.139777228469029,24.25971627235413,576.5790231474233,69.90780392416104,56.43932847645408,418.5154819322107,90418.9880307416,905.195660061335,804.618365262818,3969.543139324872,992.8493999258892,810.6245391322858,722.2730914747812,914.2532352363136,0.2075022,0.2075022,0.18153489,0.04094859,1.22911638,0.0515112844,0.088171746,0.19034292,0.881583358,1.0597771049999996
0.3649864753261425,0.0737449375834404,0.0051288580895379,0.7441106894335044,0.0622211288143028,1.005801233523978,12377.69913925855,0.7341243366397103,1470.2770909459698,0.3609688609604968,3224.454201386342,0.3493812691885978,0.2518391120247543,0.0975382572505623,27.917426824569706,467.7703176326992,42.146400181445465,34.86188325685188,277.01672322181184,36053.03451700696,1564.0384877539368,1403.6245527341553,5296.510225466151,3316.4634385276377,1335.4408344348944,1165.7442985163354,1936.2689228334789,0.92745584,0.92745584,0.87732935,0.03026396,1.24164765,0.0375125554,0.067062214,0.1644849,0.786232274,1.011643055
0.4946072082057645,0.1882237100202078,0.0028565193101705,1.0513956954276955,0.1998313308172642,0.3825518415216999,7614.582681851622,0.6568322980610981,1233.4120372598904,0.365154153454087,6595.82014988469,0.6884542526677251,0.5010197637602687,0.1874559966381639,27.22853422164917,292.7223214274785,30.9329173920136,25.071960585249457,206.53357651057863,62633.22895186614,696.6991727425992,627.0292854769934,4035.0169234666782,881.974410443437,578.8264681739367,498.3794414228073,692.9552563811588,0.4860781,0.4860781,0.45430177,0.05590262,2.04458088,0.0696852332,0.123753564,0.29009691,1.357142652,1.668120063
0.4358433680471474,0.1948735467722174,0.0027486464993483,0.4398723772360845,0.1952065599160588,0.2995834153854629,21257.185734376555,0.3460550704025746,1786.2489468145184,1.1640523608675064,3291.272057625001,0.5667706718668342,0.406820559874177,0.1599435490788892,28.220152854919437,381.79404136764754,37.79721305306891,30.15283909052272,280.8171420794356,56782.18387047593,884.2610237147445,821.0995289726416,3523.0197358632176,1052.6599309742785,816.1334722455875,728.3142425195883,926.3552825166894,0.5190154,0.5190154,0.5047865,0.03895424,1.1856577,0.0496345606,0.08383403,0.18226863,0.845867204,1.0294729892
0.8951749202648049,0.1011442174929446,0.0016557274229429,0.3155572884060828,0.069742046982207,0.3144541300787866,25146.05744379777,0.2834716480337447,2330.0634241639277,0.7408905087255301,3056.8045917893264,0.329239759594202,0.2269541437271982,0.1022759242914617,31.064268946647644,326.2711929743518,20.323939293728696,15.968818244894203,181.97440090971196,86521.90160246717,1539.8783235508918,1443.635941581564,6301.009110097491,2117.1816773315645,1358.8586230581095,1194.0057851725762,1631.6824017300366,0.85108,0.85108,0.8186018,0.02321819,0.73810613,0.0289436776,0.050189064,0.11118516,0.518550262,0.6244530927999999
0.7241942125835613,0.0518122215932539,0.0026789934923291,1.3602643229201272,0.1575669293438676,0.7376174766944651,5621.424996375441,0.2621760459342223,1311.840020233992,0.1468595891482113,3990.398099001208,0.3488870861474424,0.2541235880926251,0.0947688677115365,27.163192629814148,268.5475714486128,19.71567273045022,16.728495074769995,129.5187845283349,82875.21732069227,2120.27885203706,1751.5348407646618,9659.262486818412,1801.0214982905875,815.3683393958711,741.244016470862,1202.7305499209228,1.292306,1.292306,1.2166026,0.04054252,2.47329415,0.0507146524,0.094128778,0.26740661,1.3522555,1.9892110785999995
0.4621482128222581,0.2408373404372465,0.0014239580654821,0.2227887649628052,0.0654657395998871,0.3598527816497353,6347.389439172132,1.2361954441401977,1647.757260732767,0.162660685451761,1129.3565354411598,0.5955498199909925,0.4266220785211772,0.1689292694209143,28.36526334285736,386.85306400526514,36.146464025272,28.400796786450066,286.3082104956982,68887.93037429343,842.9002212457451,766.2729350373581,3071.6714414439843,1115.9677841461782,823.0107431656722,737.3580489806938,918.2562940137232,0.60416,0.60416,0.52299,0.03927236,1.13855054,0.0489632838,0.082628728,0.17957098,0.825956764,0.9997454709999999
0.2270527149278446,0.0609757491764985,0.0008784842676145,0.5277391794371028,0.1298846963815246,0.6842576503792721,5476.44170690894,0.2314405744651422,1768.0760892845378,0.1898671128186357,4090.938596351412,0.2566896728239953,0.1866750390036031,0.0700190721545368,27.277714014053345,654.40043735046,66.2410566483455,54.59433623840265,433.4321059635207,249745.93357425017,1944.629665038706,1666.825512674119,13617.651460577632,1873.1859493428424,1358.5287951031398,1145.9983103563802,1673.962805423712,1.5755738,1.5755738,1.4743156,0.02287625,0.96946552,0.029277999,0.05278599,0.12660677,0.6060484,0.7864696334
0.6043329273012956,0.2167834743228761,0.0051766669400558,1.6983930864278147,0.2320554114928392,0.2354347351079809,17578.638480140744,0.6153980903301554,3578.2762609748647,0.3841968624194529,3579.260744526123,0.8956007077358663,0.657620548736304,0.2379797224421054,26.572078466415405,221.11453861486643,24.349745142497557,20.16849328120972,152.56534870631364,32670.063280063743,581.4476792825409,508.7667832445314,2967.861159251576,804.6568375941574,432.3130869021351,384.8750609726226,562.9810963249586,0.23827699,0.23827699,0.21251027,0.07690651,3.02930045,0.09509301099999999,0.173221856,0.40873499,1.9406797139999998,2.459750034
0.2632010215498034,0.1364406974922924,0.0025975677107306,0.5607625416821904,0.1021268223590469,0.4009103334109253,11115.67234150953,0.5368439134943,1207.761430451046,0.1965610643532367,4451.086040263336,0.4550217709038406,0.3336765221320092,0.121352684800513,26.669642329216003,519.2764641734685,57.76165817404341,46.78696316279299,376.0667884305848,59145.95067817307,1118.4445460177035,986.8628994595284,4776.51424113794,1589.4199868395274,954.713003828062,839.7939121964599,1176.6259905126053,0.84790057,0.84790057,0.7682653,0.0347018,1.16301197,0.0432373252,0.075139656,0.1693346,0.798242012,0.9672526133999999
1.2664294356985146,0.0304147631363808,0.0018005461419576,0.6377506884146303,0.0769385918042243,0.2860522755778028,11283.522299702325,0.2901806693527373,4443.5586900741455,0.1305563040850476,1218.3549275830346,0.1942184171639382,0.1374412240693345,0.0567751158087048,29.232612252235413,207.21580520530247,12.216418729375627,10.372452899816034,89.66147580849876,123805.6499851364,3580.5865267252275,3029.7271294358293,15048.62041901106,3639.636971655869,1619.4160422531063,1477.7171794693452,2390.762971790543,1.4144146,1.4144146,1.2115295,0.02031969,1.09525486,0.025391052600000002,0.046792068,0.1259453,0.621568756,0.8799949401999998
